video,post_date
../Videos\Video 4.mp4,2023-12-23 18:38:09
../Videos\Video 3.mp4,2023-12-25 15:18:05
../Videos\Video 39.mp4,2023-12-26 15:56:42
../Videos\Video 81.mp4,2023-12-26 18:23:09
../Videos\Video 29.mp4,2023-12-28 12:32:15
../Videos\Video 99.mp4,2023-12-28 14:54:16
../Videos\Video 92.mp4,2023-12-28 16:46:40
../Videos\Video 74.mp4,2023-12-29 13:29:44
../Videos\Video 79.mp4,2023-12-29 15:10:30
../Videos\Video 53.mp4,2023-12-29 17:35:58
../Videos\Video 121.mp4,2023-12-30 13:45:35
../Videos\Video 108.mp4,2023-12-30 16:35:43
../Videos\Video 64.mp4,2024-01-01 13:59:58
../Videos\Video 59.mp4,2024-01-01 16:24:18
../Videos\Video 116.mp4,2024-01-01 18:35:57
../Videos\Video 54.mp4,2024-01-02 14:14:24
../Videos\Video 41.mp4,2024-01-02 15:37:21
../Videos\Video 104.mp4,2024-01-02 16:38:40
../Videos\Video 78.mp4,2024-01-04 13:46:38
../Videos\Video 77.mp4,2024-01-04 19:38:19
../Videos\Video 89.mp4,2024-01-05 13:04:37
../Videos\Video 68.mp4,2024-01-05 16:27:30
